<?xml version="1.0" encoding="UTF-8"?>
<!DOCTYPE mapper
 PUBLIC "-//mybatis.org//DTD Mapper 3.0//EN"
  "http://mybatis.org/dtd/mybats-3-mapper.dtd">
<mapper namespace="kr.co.myshop2.mapper.ProductMapper">
	<select id="getBig" resultType="kr.co.myshop2.vo.BigVo">
		select * from big
	</select>
	
	<select id="updateMiddle" resultType="kr.co.myshop2.vo.MiddleVo">
		select * from middle where bigcode=#{param}
	</select>
	
	<select id="updateSmall" resultType="kr.co.myshop2.vo.SmallVo">
		select * from small where bigmiddlecode=#{param}
	</select>
	
	<select id="getCode" resultType="int">
		select ifnull( max( right(pcode,3) ), 0 )+1 from product 
		where pcode like concat( #{param}, % )
	</select>
	
	<insert id="product_ok" parameterType="kr.co.myshop2.vo.ProductVo">
		insert into product( pcode, pimg, title, price, su, baesong, baeday, writeday )
		values( #{pcode}, #{pimg}, #{title}, #{price}, #{su}, #{baesong}, #{baeday}, now() )
	</insert>
	
	<select id="plist" resultType="kr.co.myshop2.vo.ProductVo">
		select * from product
	</select>
	
	<insert id="list" parameterType="kr.co.myshop2.vo.ProductVo">
		insert into list( userid, title, pcode, pimg, price, su, writeday ) 
		values( #{userid}, #{title}, #{pcode}, #{pimg}, #{price}, #{su}, now()  )
	</insert>
	
	<select id="getMember" resultType="kr.co.myshop2.vo.MemberVo">
		select * from member where userid=#{param}
	</select>
	
	<select id="baeCheck" resultType="kr.co.myshop2.vo.ListVo">
		select * from list where userid=#{param}
	</select>
	
	<select id="gumaelist" resultType="kr.co.myshop2.vo.ProductVo">
		select * from list where userid = #{param}
	</select>
	
	<select id="showBaesongji" resultType="kr.co.myshop2.vo.BaesongjiVo">
		select * from baesongji where userid=#{param}
	</select>
	
	<update id="baesongji" parameterType="kr.co.myshop2.vo.BaesongjiVo">
		update baesongji set userid=#{userid}, baesongname=#{baesongname}, name=#{name}, 
		phone=#{phone}, zipcode=#{zipcode}, address=#{address}, address_etc=#{address_etc}
	</update>
	
	<delete id="del">
		delete from list where title=#{param}
	</delete>
	
	<select id="mylist" resultType="kr.co.myshop2.vo.ListVo">
		select * from list where userid=#{param}
	</select>
	
	<select id="confirm" resultType="kr.co.myshop2.vo.ListVo">
		selcet * from list where userid=#{param}
	</select>
</mapper>