<?xml version="1.0" encoding="UTF-8"?>
<decorators defaultdir="/WEB-INF/views">
	<!-- 제외할 패턴 -->
	<excludes>
		<pattern> /login/* </pattern>
		<pattern> /product/showBaesongji </pattern>
		<pattern> /product/baesongChange </pattern>
	</excludes>
	<!-- 기본 패턴 -->
	<decorator name="default" page="default.jsp">
		<pattern>*</pattern>
	</decorator>

	<!-- 모바일 패턴 -->
	<decorator name="mobileDefault" page="mobileDefault.jsp">
		<pattern>/m.*.do</pattern>
	</decorator>
</decorators>

 
